id,title,author,score,num_comments,created_utc,upvote_ratio,url,selftext
1rg0040,Friendly Friday,AutoModerator,2,1,2026-02-27 12:18:20,0.75,https://www.reddit.com/r/championsleague/comments/1rg0040/friendly_friday/,"**Friendly Friday ‚Äì Time to Show Some Love (Yes, Even to Rivals!)** 

Welcome back to **Friendly Friday**, where we hit pause on the banter and take a moment to appreciate the *best* in our rival clubs.

Whether it‚Äôs a legendary player, an incredible atmosphere at their stadium, a well-run youth academy, or just the sheer consistency of their success ‚Äî today‚Äôs the day to give credit where it‚Äôs due. 

Have you gained respect for a rival after a hard-fought match? Been impressed by how their fans stuck with them through tough times? Maybe there‚Äôs a moment in their history that even you, as a rival fan, can‚Äôt help but admire.

**This is your space to share:**

* üí¨ Positive stories or experiences involving rival clubs
* üîç Things you respect (even begrudgingly!)
* üôå Moments of sportsmanship and class
* üß† Interesting facts or insights that show another side of a rival

Let‚Äôs keep it respectful, light-hearted, and true to the spirit of the game we all love.

**Today, we root for respect. Let the positivity begin!**"
1rh1tww,"Is the hatred that defined the el Classico is decreasing? Just a decade back Barca players and Madrid players hated each other , nowadays it feels low",Altruistic_Mango2922,20,37,2026-02-28 17:49:39,0.86,https://www.reddit.com/r/championsleague/comments/1rh1tww/is_the_hatred_that_defined_the_el_classico_is/,"it's like the respect thing is taking over the best rivalry which kinda makes it lame.

even the hatred between Barca fans and Madrid fan is low Comapred to last decade."
1rh2d7x,Who else knows that Chelsea will beat PSG in the round of 16?,VickyBLK,4,9,2026-02-28 18:15:00,0.63,https://www.reddit.com/r/championsleague/comments/1rh2d7x/who_else_knows_that_chelsea_will_beat_psg_in_the/,"We did it last year, we will do it this year! "
1rgq0yg,"Fun fact: After next month‚Äôs CL tie, Man City will have faced Real Madrid the same number of times this decade (13) as fellow PL side, West Ham",MohkumDeen,15,5,2026-02-28 07:01:56,0.88,https://www.reddit.com/r/championsleague/comments/1rgq0yg/fun_fact_after_next_months_cl_tie_man_city_will/,"Despite West Ham being an English Premier League side for each season this decade thus far, who can face City in 3 different competitions each season and 2 guaranteed games each season, Real Madrid have played City the same number of times as West Ham (13). "
1rgl144,Benfica suspended five fans for their behaviour during the first leg against Real Madrid,No-End-Theory,26,11,2026-02-28 03:28:04,0.87,https://www.reddit.com/r/championsleague/comments/1rgl144/benfica_suspended_five_fans_for_their_behaviour/,"I didn‚Äôt see this news shared here and I really want to bring attention to it because as a diehard Benfica supporter I‚Äôm ashamed by these fans‚Äô behaviour and how it portrayed my club around the world. I will probably never know what Prestianni said under his shirt, my suspicions are the same as everyone else‚Äôs, but regardless what some fans did in the stadium that day was unacceptable. I was at the game, I witnessed it first hand. I‚Äôm glad Benfica had a quick, effective response here.

Source:

[https://www.slbenfica.pt/pt-pt/agora/noticias/2026/02/27/clube-benfica-comunicado-suspensao-socios-racismo](https://www.slbenfica.pt/pt-pt/agora/noticias/2026/02/27/clube-benfica-comunicado-suspensao-socios-racismo)"
1rgl28o,"The Champions League final that ruined a generation, Ballack and Leverkusens 2002 collapse",RSDFitness,18,32,2026-02-28 03:29:22,0.88,https://www.reddit.com/r/championsleague/comments/1rgl28o/the_champions_league_final_that_ruined_a/,"We always talk about legendary Champions League finals, but Bayer Leverkusen‚Äôs 2002 run deserves more attention. 

That team was full of talent, Ballack, Lucio, Berbatov, Z√© Roberto and reached the final, only to lose.

And that was just part of a season full of near misses: 2nd in the Bundesliga, lost the DFB-Pokal, and Ballack missed the World Cup final shortly after. 

How do we even compare this to other heartbreaking UCL runs? 

Was this one of the cruelest seasons in modern European football?

Full video: https://vm.tiktok.com/ZNRarUUTy/"
1rg4k9y,Arsenal's Route to the Finals Is The Easiest,HawH2,124,178,2026-02-27 16:47:50,0.85,https://www.reddit.com/r/championsleague/comments/1rg4k9y/arsenals_route_to_the_finals_is_the_easiest/,"They are playing Leverkusen, whom they will comfortably beat. Their next opponent will be either Sporting or Bod√∏/Glimt, which should be another easy win for the English club.

The only time they will need to play up a gear is in the semi finals, where they will likely face Barca who are not exactly on the level of Arsenal"
1rguuhn,Whose ucl knockout campaign was better ronaldo 16/17 or benzema 21/22 ?,Altruistic_Mango2922,5,21,2026-02-28 11:02:47,0.65,https://www.reddit.com/r/championsleague/comments/1rguuhn/whose_ucl_knockout_campaign_was_better_ronaldo/,both scored 10 goals in knockouts campaign the highest in ucl history but who did it better based on circumstances and the situation when the goals were scored?
1rgkykk,Any Canadian Reds stressed about UCL subscriptions right now? üòÖ,issam-Bake714,15,22,2026-02-28 03:25:20,0.73,https://www.reddit.com/r/championsleague/comments/1rgkykk/any_canadian_reds_stressed_about_ucl/,"Hey Reds,

Super excited (and slightly nervous!) about the upcoming Champions League matches, but I‚Äôm also lowkey stressed about adding yet another subscription just to watch a few games.

I‚Äôm in Canada and already paying for multiple streaming services, so stacking another one hurts a bit üòÖ

How are other Canadian fans handling it?  
Monthly sub and cancel? Sports bars? Sharing with family?

Would love to hear what you‚Äôre doing.

Up the Reds. YNWA ‚ù§Ô∏è  


**Updeate**: Thanks for all the great tips! Someone mentioned this provider Genxiptv in the comments, and I subscribed."
1rg8uip,UEFA try to go 1 season without matching Man City vs Real Madrid mission: impossible,originalwells,38,21,2026-02-27 19:55:36,0.95,https://www.reddit.com/r/championsleague/comments/1rg8uip/uefa_try_to_go_1_season_without_matching_man_city/,The gift that keeps on giving 
1rg65aj,Pointless UCL draw,RZK937,41,105,2026-02-27 18:05:55,0.67,https://www.reddit.com/r/championsleague/comments/1rg65aj/pointless_ucl_draw/,"Is it just me or is having a draw for the new champions league format just pointless, confusing and slightly unfair. The fixtures should be based on the league positions of the teams that have qualified, otherwise we should just do a completely random draw between the top 8 and the rest. I know it's not that big of a deal, but how is Sporting getting Bodo/Glimt fair when they came 7th in the league phase."
1rgiqqf,Not saying 'Atletico' Madrid properly,Pilatus-Porter,8,121,2026-02-28 02:00:06,0.53,https://www.reddit.com/r/championsleague/comments/1rgiqqf/not_saying_atletico_madrid_properly/,"Hey, call me a pedant if you want, but it kind of annoys me when I hear tv and podcast pundits who appear incapable of properly saying the name of a major club.

It's '*Atletico*', not '*Athletico*', as so many seem to use instead. It's not like they're a small club rarely in the limelight either. one of the big 3 in Spain, and probably one of the twenty biggest clubs in Europe, consistently playing in the Champions League.

Just this week I heard two people on a podcast say Athletico. I can handle a casual observer getting it wrong, and even mispronunciations of obscure player names, but people who are football journalists for a living, including ex-players, should be getting this right.

I have no idea if the existence of 'Athletic' Bilbao is partly responsible for confusing them, but I still think professionals in the football world ought to be pronouncing Atleti's name correctly."
1rg83z7,Champions League Draw 2025-26: Who Are the UCL Favourites After Knockout Stage Draw? Opta Analyst Predictions,thisisnahamed,22,51,2026-02-27 19:26:48,0.96,https://www.reddit.com/gallery/1rg7zu9,
1rg69el,Champions League Predictions,Yameenboi,16,26,2026-02-27 18:11:02,0.62,https://www.reddit.com/r/championsleague/comments/1rg69el/champions_league_predictions/,"Here is who I think will win the champions league...

RO16

Chelsea vs PSG - Chelsea

Liverpool vs Galatasaray - Galatasaray

Man City vs Real Madrid - Man City

Bayern Munich vs Atalanta - Bayern Munich

Barcelona vs Newcastle - Newcastle 

Tottenham Vs Atletico Madrid - Atletico Madrid 

Sporting vs Bodo/Glimt - Bodo Glimt

Arsenal vs Leverkusen - Arsenal

Quarter Finals

Chelsea vs Galatasaray - Chelsea

Man City vs Bayern Munich - Bayern Munich 

Newcastle vs Atletico Madrid - Atletico Madrid 

Bodo/Glimt Vs Arsenal - Bodo/Glimt

Semi Finals

Chelsea vs Bayern Munich - Bayern Munich 

Atletico Madrid Vs Bodo/Glimt - Bodo/Glimt

Final 

Bayern Munich vs Bod√∏/Glimt - Bod√∏/Glimt"
1rh1flc,Tottenham might have a chance to win it,iwannasleepp,0,48,2026-02-28 17:29:25,0.18,https://www.reddit.com/r/championsleague/comments/1rh1flc/tottenham_might_have_a_chance_to_win_it/,"all big dogs are in one side leaving a comfortable bracket for Tottenham. 

They can beat a rather inconsistent Atletico and Barca based on their UCL form. Luck needs to be involved too, ideally, Bodo gonna eliminate Arsenal because I don't think tot can do anything against Eze, and, City is their opp in the final.

If the stars align perfectly, tot have a good chance to become the newest UCL champ.

In Richarlison I believe "
1rfui4j,The misconception of Bodo/Glimt,Deathnotefan76,68,134,2026-02-27 07:36:50,0.71,https://www.reddit.com/r/championsleague/comments/1rfui4j/the_misconception_of_bodoglimt/,"I see alot of these different fans from teams like Man city, Real Madrid, Arsenal etc saying they'd prefer to get either Bodo or sporting, I understand why on paper it seems like those are the weakest opponents, but I think theres a massive reason as to why you'd rather not get Bodo, I can't make a strong argument for sporting, they are a tricky team but for Bodo, the temperatures stay at around below 0 during this time of year sometimes going below -10, I think thats also what makes Bodo's starting 11 super interesting, 9 out 11 are Norwegian born and bred  the other 2 main starters  are also from northern countries so they have that adaptation to the cold climate, when teams fly there usually its around 24 hours before a game, the human body can't adapt well to that climate within such a short period of time no matter even if you're a professional athlete at the highest standards, and thats why their team has such an advantage, opponents usually get worn out halfway throughout the game and since their team is literally genetically advanced they just hit them well on counters, not to mention Aspmyra is one of the few stadiums where they use artificial turf simply because grass can't grow there, their team is also well adapted to it while opponents complain everytime they go there. Now I think one of their major advantages is if they get the home game at Bodo first, they're more likely to make a statement at home then just park the bus at the away leg. although I suppose it'd be slightly easier if they played away first."
1rg48dg,Round of 16. Interesting games ahead.,EqualGround3000,4,28,2026-02-27 16:29:42,0.63,https://www.reddit.com/r/championsleague/comments/1rg48dg/round_of_16_interesting_games_ahead/,"City vs RM
PSG vs Chelsea
Newcastle vs Barcelona
ATM vs Tottenham
Leverkusen vs Arsenal
Bodo/ Glimt vs Sporting 
Gala vs Liverpol
Atalanta vs Munich "
1rgpkzj,Has UEFA basically made a ‚ÄúSuper League‚Äù of sorts?,megasilva,0,16,2026-02-28 06:41:18,0.33,https://www.reddit.com/r/championsleague/comments/1rgpkzj/has_uefa_basically_made_a_super_league_of_sorts/,"With the new league format, play off matches, and subsequent knockout matches, it kind of reminds me of how MLS works"
1rg3v0x,What are you guys expecting from the draw?,Emotional-Fee8723,4,18,2026-02-27 16:09:17,0.64,https://www.reddit.com/r/championsleague/comments/1rg3v0x/what_are_you_guys_expecting_from_the_draw/,"I want to see City vs Real again. With Real‚Äôs new coach and Pep building a fresh City squad, seeing them go head-to-head again would be so interesting.  
Which matchup do you want to see today, or which potential pairing are you hoping for in the quarterfinals?"
1rflve4,Atalanta is an absolute unit for knockout football competitions,Greedy_Net_1803,23,18,2026-02-27 01:45:59,0.87,https://www.reddit.com/r/championsleague/comments/1rflve4/atalanta_is_an_absolute_unit_for_knockout/,"For those who were surprised about yesterday's comeback, you must not follow the cup runs this team goes on pretty much since the 2020's started. Well, we all saw that Europa League they won and before someone says that it's just europa league, that was the single most talent-infested edition of the tournament ever, filled to the brim with big teams like Liverpool who they beat 3-0 at Anfield and also Juve was there as well as Alonso's Leverkusen invincibles who they beat 3-0 in the final.

These guys simply don't care who you put against them; that same year they reached copa italia final against Juve and lost but that's the thing about this team, if they have to lose, they lose but with great football and there's nothing more dangerous than a team who doesn't care about losing. I'm telling you, they're the dark horses here, not Bodo, not Galatasaray. Those two looked far from perfect across two legs and so did Atalanta, but they have that signature grit that could crap over any team(and may do so)."
1rfh01s,Does anyone else feel like there are fewer world-class players now compared to 2016‚Äì2019?,Flaky_Writer_6394,35,89,2026-02-26 22:47:28,0.72,https://www.reddit.com/r/championsleague/comments/1rfh01s/does_anyone_else_feel_like_there_are_fewer/,"Maybe it‚Äôs just nostalgia, but it felt like the was more individual brilliance back then, every team had atleast one superstar, a Ballon d‚Äôor level player who could decide games on their own.

Ronaldo, Bale, Modric, Kroos, Messi, Su√°rez, Iniesta, Griezmann, Neymar, Mbappe, Lewandowski, Robben, Reus, Dybala, De Bruyne, Aguero, Salah, Coutinho, Hazard, Kane, Pogba, Alexis Sanchez, √ñzil

(listed forwards and midfielders only.)

There are still world class players now but do you remember how stacked every team was around Europe compared to now? I was watching the champions league and it didn‚Äôt hit the same."
1rf56wg,"Vini now has 32 goals and 30 assists in champions league at the age of 25 , no other player in football history at 25 had such stats as vini in ucl.",Altruistic_Mango2922,149,216,2026-02-26 13:53:53,0.63,https://www.reddit.com/r/championsleague/comments/1rf56wg/vini_now_has_32_goals_and_30_assists_in_champions/,"he has 18 knockout stage assists alone , that is one of the highest ever already in the competition."
1rgjosk,Arsenal Treble Incoming,Samuel_Sniper123,0,29,2026-02-28 02:36:03,0.35,https://www.reddit.com/r/championsleague/comments/1rgjosk/arsenal_treble_incoming/,I‚Äôm putting my stuff on the line for this one but I am supporting Arsenal to win it all their squad depth is insane and it seems like UEFA isn‚Äôt against them giving them a good path to the final at least. I don‚Äôt see a few teams giving them trouble but ultimately I don‚Äôt think many teams in Europe did much to strengthen their squads in January to the extent Arsenal did. I know this is bold and all and I‚Äôll be clowned or whatever but if you don‚Äôt make a brave choice you‚Äôre just a coward honestly.
1rf5jjq,Bensebaini: Has any defender ever had a worse Champions League night than this guy?,Jengen_53,74,42,2026-02-26 14:16:29,0.93,https://www.reddit.com/r/championsleague/comments/1rf5jjq/bensebaini_has_any_defender_ever_had_a_worse/,"He was absolutely atrocious last night it's unbelievable. Dortmund went into the 2nd leg with a 2-0 lead and he was directly involved in 3 of the goals they conceded. Some shocking choices especially the penalty at the end which resulted in a red card. I feel sorry for him, but that was one of the worst performances I've seen from a defender in a Champions League KO match. "
1rf9q2h,Power Rankings!! Top 10 teams this season (current and going forward),dumbassculer,26,32,2026-02-26 18:09:17,0.91,https://www.reddit.com/r/championsleague/comments/1rf9q2h/power_rankings_top_10_teams_this_season_current/,"Since the playoffs are now over i think now is a good time to make a power rankings list. I'm basing teams on how they have performed thus far and how I think they'll perform going forward. This list is entirely subjective and is based on my opinion, feel free to debate me with your takes in the opinion whether you agree or disagree. (Only CL teams cuz of the sub)
Here's the LIST

1. Arsenal

2. Bayern Munich

3. Manchester City 

4. Paris Saint Germain

5. FC Barcelona 

6. Liverpool

7. Real Madrid 

8. Chelsea

9. Atletico Madrid

10. Bod√∏/Glimt

Here's the brief breakdown 

1 and 2 are in a league of their own this season

3-5 are interchangeable however you want to

6-7 also interchangeable
 
8-9 also interchangeable 

10 a huge suprise but I had to put them here cuz of their recent performances



"
1rgc75u,Should Red Cards be changed?,Justinackafool1,0,14,2026-02-27 21:59:17,0.18,https://www.reddit.com/r/championsleague/comments/1rgc75u/should_red_cards_be_changed/,These latest fixtures really got hurt by red cards 2 of them were arguably never even reds . Should red cards just send the player off but allow the team to put another player in place so that it‚Äôs still 11v11 or should both teams be √† man down for 10 minutes since a red card is dangerous play the ‚Äúvictim‚Äù should be side lined for a couple mins then allowed back on the field? Maybe that will stop all the exhausting diving we have been seeing? 
1rffpgx,Champions league final,Scared_Stable2770,5,28,2026-02-26 22:02:00,0.67,https://www.reddit.com/r/championsleague/comments/1rffpgx/champions_league_final/,"I‚Äôve been looking into the champions league final for the last couple of years. Is it just me, or have we not had a good final for the last 8-9 years ? The last intense final I remember was Atl√©tico vs Real Madrid. And I‚Äôm saying this as a Chelsea fan. "
1rg2tek,Who‚Äôs better Salah or Lewandowski in the all-time rankings?,Flaky_Writer_6394,0,120,2026-02-27 15:09:19,0.36,https://www.reddit.com/r/championsleague/comments/1rg2tek/whos_better_salah_or_lewandowski_in_the_alltime/,both achieved an insane level of consistency at their clubs
1rg5xoe,Arsenal have the easiest route to final,Far-Professor-5033,0,13,2026-02-27 17:56:36,0.3,https://www.reddit.com/r/championsleague/comments/1rg5xoe/arsenal_have_the_easiest_route_to_final/,Yet they will still get knocked out in the semis they will not reach the final arsenals lack of European pedigree will continue to haunt them Arsenal will never win a champions league for as long as we live
1resceu,"Juve out, losing to Galatasaray on aggregate.",jazzdevildddd,68,74,2026-02-26 03:37:49,0.92,https://www.reddit.com/r/championsleague/comments/1resceu/juve_out_losing_to_galatasaray_on_aggregate/,What is happening to Italian football?
1remzed,Moment of silence for those missing this BVB v Atalanta 2nd leg,AntiHeroAuraFarm,85,57,2026-02-26 00:20:58,0.99,https://www.reddit.com/r/championsleague/comments/1remzed/moment_of_silence_for_those_missing_this_bvb_v/,Best match of the season as a neutral.
1reqxvg,How on earth can Gala give away a 5-2 advantage against 10 Juventus players,TelephoneOk1031,49,40,2026-02-26 02:45:27,0.88,https://www.reddit.com/r/championsleague/comments/1reqxvg/how_on_earth_can_gala_give_away_a_52_advantage/,üòÇüòÇüòÇ
1retd1x,If the UCL RO16 was properly seeded and not done by a draw.,No_Metal6805,27,16,2026-02-26 04:16:25,0.85,https://www.reddit.com/r/championsleague/comments/1retd1x/if_the_ucl_ro16_was_properly_seeded_and_not_done/,"These would be the games‚Ä¶

Arsenal v Leverkusen 

Bayern v Atalanta 

Liverpool v Atletico Madrid 

Spurs v Galatasaray 

Barcelona v Newcastle 

Chelsea v PSG

Sporting v Bodo/Glimt 

Man City v Real Madrid "
1req7w8,In my 50 years of watching football. I have never seen a team dive as much as Galatasaray.,ChemistSuccessful418,40,80,2026-02-26 02:18:35,0.72,https://www.reddit.com/r/championsleague/comments/1req7w8/in_my_50_years_of_watching_football_i_have_never/,The Galatasaray players dive at every little contact. Anybody else seeing what I‚Äôm seeing?
1rg1zmc,Unpopular opinion,Dazzling-Yellow5395,0,20,2026-02-27 14:19:30,0.11,https://www.reddit.com/r/championsleague/comments/1rg1zmc/unpopular_opinion/,Prime neymar was better than prime cr7
1renlfo,3 reds cards?! wow what an ending to this match,YsL4lIfE23,40,42,2026-02-26 00:43:01,0.98,https://www.reddit.com/r/championsleague/comments/1renlfo/3_reds_cards_wow_what_an_ending_to_this_match/,What just happened
1rfqgxi,"The Best Player of the Messi/Ronaldo Era (No Messi, No Ronaldo)",Subject_Sun9340,0,37,2026-02-27 04:41:41,0.25,/r/soccerMenace_com/comments/1r91nsn/the_best_player_of_the_messironaldo_era_no_messi/,
1rfrv9r,Who‚Äôs the best strikers in Europe other than haaland mbappe Kane?,Right-Captain-6252,0,71,2026-02-27 05:39:43,0.35,https://www.reddit.com/r/championsleague/comments/1rfrv9r/whos_the_best_strikers_in_europe_other_than/,For me I think Gyokores is up there Lewandowski Ivan Toney. Who would you put?
1respmn,Bensebaini's performance vs. Atalanta,No-Split4154,19,25,2026-02-26 03:51:40,0.96,https://www.reddit.com/r/championsleague/comments/1respmn/bensebainis_performance_vs_atalanta/,Do you think that performance was among the worst performances from a defender in a Champions League match in the 21st Century ?
1reskd3,Well.......Tottenham are screwed,Mister_Archa,15,44,2026-02-26 03:46:12,0.76,https://www.reddit.com/r/championsleague/comments/1reskd3/welltottenham_are_screwed/,"If it couldn't get any worse for us, we have to draw Gala or Atletico Madrid.


I'd much prefer Atleti but I can just tell that we're going to draw Galatasaray.


We're so screwed "
1rfgp11,Prime Ronaldo √ó Among Us Edit |Dirty Shoes Funk |,Funny-Fuel6908,0,7,2026-02-26 22:36:38,0.4,https://www.reddit.com/r/championsleague/comments/1rfgp11/prime_ronaldo_among_us_edit_dirty_shoes_funk/,an edit from youtube related to ucl
1ren60u,Match Thread: Juventus vs Galatasaray | 25 Feb ¬∑ 20:00 UTC,matchpal-live,18,9,2026-02-26 00:27:36,0.95,https://www.reddit.com/r/championsleague/comments/1ren60u/match_thread_juventus_vs_galatasaray_25_feb_2000/,This post contains content not supported on old Reddit. [Click here to view the full post](https://sh.reddit.com/r/championsleague/comments/1ren60u)
1rerz25,Harvard Study Explains Why Thomas M√ºller Always Finds Space,RSDFitness,8,12,2026-02-26 03:23:53,0.91,https://www.reddit.com/r/championsleague/comments/1rerz25/harvard_study_explains_why_thomas_m√ºller_always/,"Thomas M√ºller has always been exceptional at finding and exploiting space on the pitch.

Harvard analyzed how his anticipation movement and understanding of the game allow him to outperform even more physically gifted opponents.

This study explains why he consistently excels in the Champions League and creates moments that seem impossible for defenders to stop.

Underrated and one of the greatest ever. You wouldn't think the two go together but sadly, for Thomas Muller, it does. 

Full video: https://vm.tiktok.com/ZNR5GoErJ/"
1rerbcy,"¬°Baila, Vini!",nicoronga,10,40,2026-02-26 02:59:29,0.53,https://www.reddit.com/r/championsleague/comments/1rerbcy/baila_vini/,for sure vini did a great job on both games 
1rei6dd,The game is tonight ‚Äî Real Madrid at home vs Benfica,cheMESSItry-10,19,46,2026-02-25 21:36:03,0.8,https://www.reddit.com/r/championsleague/comments/1rei6dd/the_game_is_tonight_real_madrid_at_home_vs_benfica/,"Madrid won the first leg 1-0 so Benfica need to score at the Bernabeu to stay alive. Everyone's writing them off but am I the only one who thinks Benfica actually has a chance here?

Drop your predictions üëá 
(remember mbappe is out)"
1ren5zc,Match Thread: Real Madrid vs Benfica | 25 Feb ¬∑ 20:00 UTC,matchpal-live,11,5,2026-02-26 00:27:32,0.87,https://www.reddit.com/r/championsleague/comments/1ren5zc/match_thread_real_madrid_vs_benfica_25_feb_2000/,This post contains content not supported on old Reddit. [Click here to view the full post](https://sh.reddit.com/r/championsleague/comments/1ren5zc)
1rej7x1,Match Thread: Atalanta vs Borussia Dortmund | 25 Feb ¬∑ 17:45 UTC,matchpal-live,10,10,2026-02-25 22:12:29,0.92,https://www.reddit.com/r/championsleague/comments/1rej7x1/match_thread_atalanta_vs_borussia_dortmund_25_feb/,This post contains content not supported on old Reddit. [Click here to view the full post](https://sh.reddit.com/r/championsleague/comments/1rej7x1)
1ren5x3,Match Thread: Paris Saint Germain vs Monaco | 25 Feb ¬∑ 20:00 UTC,matchpal-live,5,10,2026-02-26 00:27:29,1.0,https://www.reddit.com/r/championsleague/comments/1ren5x3/match_thread_paris_saint_germain_vs_monaco_25_feb/,This post contains content not supported on old Reddit. [Click here to view the full post](https://sh.reddit.com/r/championsleague/comments/1ren5x3)
1re9yf5,Italian football is washed,Far-Professor-5033,24,122,2026-02-25 15:45:02,0.62,https://www.reddit.com/r/championsleague/comments/1re9yf5/italian_football_is_washed/,"Inter Milan getting knocked out by bodo glint is the nail in the coffin for Italian football they simply cannot compete against the big teams in Europe, the champions of Italy Napoli already got knocked out in the league phase and from the looks of it juve are going to get knocked out also"
1renslj,WHAT A COMEBACK FOR ATALANTA!!!,Background_Speed4736,3,3,2026-02-26 00:50:14,0.59,https://www.reddit.com/r/championsleague/comments/1renslj/what_a_comeback_for_atalanta/,"After trailing 2-0 in the 1st leg to Dortmund, Atalanta arrived at Bergamo hot in the 1st half making it 2-2 on aggregate thanks to goals from Scamacca and Zappacosta to make it 2-0 Atalanta heading to halftime. In the second half, Atalanta takes the lead on aggregate thanks to Pasalic‚Äôs goal to make it 3-0 Atalanta. Dortmund have equalized late thanks to Adeyemi‚Äôs curving shot making it 4-4 on aggregate. In the last minute, Bensebaini attempted to clear resulting in 2 yellows sending him out making it 10 players for Dortmund plus a penalty for Atalanta. Thanks to Samardzic‚Äôs penalty, Atalanta completed a comeback and eliminated Dortmund from the UCL sending them to the last 16. THIS IS WHAT WE LOVE ABOUT THE YCL!!!"
1req6tu,Which channels are showing CL conference tonight?,TelephoneOk1031,2,2,2026-02-26 02:17:33,0.76,https://www.reddit.com/r/championsleague/comments/1req6tu/which_channels_are_showing_cl_conference_tonight/,Which channels show the conference? Was only able to find the 3 games individually 
1rdwelf,Is Italian football actually cooked??,dsmooth74,113,97,2026-02-25 04:23:30,0.89,https://www.reddit.com/r/championsleague/comments/1rdwelf/is_italian_football_actually_cooked/,"its been a long time of Italian teams not doing well in Europe but my goodness. inter eliminated, juve on the brink, Atlanta two goals down in their tie....wtf"
1reopri,Why Asencio?? üò≠ RMCF vs BFC,L10N_,2,5,2026-02-26 01:23:09,0.67,https://www.reddit.com/r/championsleague/comments/1reopri/why_asencio_rmcf_vs_bfc/,"At least Tchouam√©ni scored an amazing goal.

What's your prediction? Will Real Madrid still be strong even without Mbappe?"
1retxqh,Are the referees red card happy?,fullsendertopcage,0,29,2026-02-26 04:39:01,0.5,https://www.reddit.com/r/championsleague/comments/1retxqh/are_the_referees_red_card_happy/,"What has gotten into these refs who are so quick to pull a red card? LLoyd Kelly should not have been sent off for that, and in no way would that be a second yellow. Goes for the ball the whole way and then lands on the player. Terrible decision. Dortmund vs Atlanta was an incredible game and we were robbed of extra time. Again the ref trots over to VAR after not giving anything, because it was a good tackle, Atlanta player attacks the ball downward to head it and from any game I have played or watched that is fair game for a boot in to challenge.  Then to produce a second yellow after playing the tackle back on VAR slower and slower, slow motion enhances the magnitude of the challenge.   
  
The refs really imposed themselves more than I thought they would after the first round last week, hopefully the CL can fix it. VAR should really have no ability to talk to the referee they should play him the clip at full speed max 3 times then a decision needs to be made.   
  
Am I crazy? I know its been like this for a while but finally being able to watch some CL games. "
1rdu0eg,The fairly tale we all needed,jazzdevildddd,115,78,2026-02-25 02:52:48,0.95,https://www.reddit.com/r/championsleague/comments/1rdu0eg/the_fairly_tale_we_all_needed/,"Bod√∏/Glimt takes San Siro. 

5-2 on aggregate. What a performance. What a surprise.

Well deserved. Onwards!"
1rduwwt,Bodo Glimt did the unthinkable,jersey7d,92,37,2026-02-25 03:26:14,0.98,https://www.reddit.com/r/championsleague/comments/1rduwwt/bodo_glimt_did_the_unthinkable/,"Bodo Glimt was on the verge of being knocked out of the Champions League at one stage but from there, beating Manchester City , Atletico Madrid and then easily defeating Inter Milan in both home and away games shows that having big names doesn't always matter. Sometimes your hunger to win, focus and mentality can make you achieve miracles. Congratulations Bodo Champions league delivered üî•üî•üî•üî•yet again"
1re9czc,The last time Juventus won a UCL game with an over 2.5 goal difference was vs Malmo in September 2021.,Critical-Remove-1878,10,14,2026-02-25 15:09:39,0.81,https://www.reddit.com/r/championsleague/comments/1re9czc/the_last_time_juventus_won_a_ucl_game_with_an/,"With an over 3.5 GD was against Dinamo Zagreb, a decade ago.

If we wanna talk about UCL KO ties specifically, the last time they won with an over 2.5 GD was against Atletico Madrid in 2019 with the CR7 hattrick. An over 3.5 GD? Before UCL was even called UCL, in 1986, 40 years ago!

Safe to say their chance of turning around their tie against Galatasaray is incredible small. What do you think? "
1regb5v,"Knockout round draw prediction for the last 16, QF and Semi final routes",5leafedClover_,4,11,2026-02-25 20:29:34,0.7,https://www.reddit.com/r/championsleague/comments/1regb5v/knockout_round_draw_prediction_for_the_last_16_qf/,"My prediction for the draw, the 6 english clubs to all potentially meet across 3 semi finals and the strongest 4 kept one side of the draw to make sure there isn‚Äôt an all England final ‚Ä¶.

Side 1

PSG/Monaco vs Chelsea 

Gal/juv vs Liverpool 

Madrid / benfica vs city 

Dortmund/ Atalanta vs Arsenal 

Side 2 

Newcastle vs Barca

Spurs vs atheltico

Bod vs sporting 

Leverkusen vs Bayern

Spurs and Liverpool are interchangeable "
1re685c,Will Jose Mourinho complete comeback at the Bernabeu and celebrate like he did at camp nou vs barca in 2010?,_ordinarilyordinary_,15,32,2026-02-25 11:59:41,0.8,https://www.reddit.com/r/championsleague/comments/1re685c/will_jose_mourinho_complete_comeback_at_the/,yes or no?
1rep991,Would the champions league be better as a straight knock-out tournament?,Top_Scheme_516,1,11,2026-02-26 01:43:26,0.55,https://www.reddit.com/r/championsleague/comments/1rep991/would_the_champions_league_be_better_as_a/,"That is, how it used to be pre-90s when it initially changed to the Champions League from the European Cup.

Interested in views from others."
1reubm6,Who are the best managers currently left  in the champions league?,Right-Captain-6252,0,28,2026-02-26 04:54:30,0.5,https://www.reddit.com/r/championsleague/comments/1reubm6/who_are_the_best_managers_currently_left_in_the/,For me it‚Äôs Enrique pep Flick simeone slot and Kompany. What do you think
1rdtbl0,guys inter is getting out of the champions leauge it is 4-1 agg now they have ~30 minutes to score 3 goals,True-Screen689,54,62,2026-02-25 02:27:36,0.8,https://www.reddit.com/r/championsleague/comments/1rdtbl0/guys_inter_is_getting_out_of_the_champions_leauge/,podo /glemt is absolutly cooking this ucl
1res4ts,"If we are talking strictly about football, what does Vini have to accomplish to be considered in same tier as players like Hazard, Ribery, Robben...",Inevitable-Angle-793,0,134,2026-02-26 03:30:02,0.47,https://www.reddit.com/r/championsleague/comments/1res4ts/if_we_are_talking_strictly_about_football_what/,"Or even surpass them.

  
I think he needs good World Cup campaign, because his performances for NT have been unimpressive so far."
1rdueca,Neymar reveals why PSG‚Äôs superstars couldn‚Äôt conquer Europe,RSDFitness,42,82,2026-02-25 03:06:56,0.88,https://www.reddit.com/r/championsleague/comments/1rdueca/neymar_reveals_why_psgs_superstars_couldnt/,"Even with Messi, Neymar, and Mbapp√© on the same team, PSG never lifted the Champions League, and Neymar has finally explained why. 

He talks about how ego, team dynamics, and player roles clashed, showing that assembling stars isn‚Äôt enough without chemistry. 

Hearing this from a player‚Äôs perspective gives a rare behind-the-scenes look at what went wrong in the biggest European competition. 

How do you see it?, was it tactical mistakes, personality clashes, or just the challenge of fitting so much talent together in one squad?

Full video: https://vm.tiktok.com/ZNR59DKvB/"
1rf463b,Otamendi was amazing shutting vini down for most of the game,Samuel_Sniper123,0,15,2026-02-26 12:50:29,0.31,https://www.reddit.com/r/championsleague/comments/1rf463b/otamendi_was_amazing_shutting_vini_down_for_most/,Man is a decade and some change older than Vini and was making good challenges making him fly shame of a result but we rarely see such a good performance in the champions league from older centerbacks truly showing his value as a mourinho investment 
1rdpz6r,Match Thread: Inter vs Bod√∏ / Glimt | 24 Feb ¬∑ 20:00 UTC,matchpal-live,33,43,2026-02-25 00:27:29,0.91,https://www.reddit.com/r/championsleague/comments/1rdpz6r/match_thread_inter_vs_bod√∏_glimt_24_feb_2000_utc/,This post contains content not supported on old Reddit. [Click here to view the full post](https://sh.reddit.com/r/championsleague/comments/1rdpz6r)
1reb0a1,"I built a free UCL titleholder replacement spot tracker (current holder, contenders, point gaps)",immxrko07,1,1,2026-02-25 16:43:55,0.6,https://www.reddit.com/r/championsleague/comments/1reb0a1/i_built_a_free_ucl_titleholder_replacement_spot/,"Hey everyone,

I‚Äôve been seeing a lot of static graphics about the UCL ‚Äúreplacement spot‚Äù / titleholder spot and who would benefit if the UCL winner also qualifies via their domestic league.

So I built a small web page that tracks it in a live dashboard format:

	‚Ä¢	Current projected recipient (highlighted)

	‚Ä¢	Contenders and who‚Äôs out

	‚Ä¢	Domestic league context (position, points, games played)

	‚Ä¢	Gap to 1st / 2nd so you can immediately see how ‚Äúsafe‚Äù a club‚Äôs title chances are

Link: https://ucl.cvejicm.net

I‚Äôd love feedback:

	‚Ä¢	What should the dashboard show to make this easier to understand?

	‚Ä¢	Any UI/UX improvements or data points you think are missing?

If you share it, also totally fine. the whole point is to make this confusing topic easier to follow."
1renuhk,Would you have gave that as a penalty or not? BVBvATA,ShortReally,0,14,2026-02-26 00:52:05,0.4,https://www.reddit.com/r/championsleague/comments/1renuhk/would_you_have_gave_that_as_a_penalty_or_not/,"Personally I wouldn‚Äôt have give it, how else was he supposed to attempt to defend that ball? The ball had beat him and he basically scorpion kicked to defend the ball at a last ditch attempt. If that was the other way around and someone did the same scorpion kick to score a goal and the same accident happened, would the goal be disallowed? And a red card given to the striker? I feel like that was an awful, call can‚Äôt lie."
1reu5wk,Ronaldo has ruined Juventus,Bishmallah24,0,15,2026-02-26 04:48:07,0.33,https://www.reddit.com/r/championsleague/comments/1reu5wk/ronaldo_has_ruined_juventus/,"Ever since Ronaldo joined Juventus they have been getting worse and worse. Look at their results since he joined:

‚Ä¢‚Å†  ‚Å†Knocked out by Ajax in 2019  
‚Ä¢‚Å†  ‚Å†Knocked out by Lyon in 2020  
‚Ä¢‚Å†  ‚Å†Knocked out by Porto in 2021  
‚Ä¢‚Å†  ‚Å†Knocked out by Villarreal in 2022  
‚Ä¢‚Å†  ‚Å†Played Europa League in 2023  
‚Ä¢‚Å† No European football in 2024  
‚Ä¢‚Å†  ‚Å†Knocked out by PSV in 2025  
‚Ä¢‚Å†  ‚Å†‚Å†Knocked out by Galatasaray in 2026

His high wages and extremely high transfer fee were clearly not worth the price, especially for a club like Juventus who does not have infinite funds like some other clubs."
1rep2s9,yes guys it is pretty obv that madrid is playing better without adolf mpape,True-Screen689,0,11,2026-02-26 01:36:40,0.26,https://www.reddit.com/r/championsleague/comments/1rep2s9/yes_guys_it_is_pretty_obv_that_madrid_is_playing/,"better positioning and better in everything even thought the match isn't over yet

The only problem is raul accensio  like what t are you doing man , last laliga match he gave the opponent a penalty and in this match he already gave them a goal 

I don't know why aren't arbeloa changing him BUT let's give him another chance he is only 23 , everybody does those things under pressure i did some before too

Do you agree that madrid play better without mpape? "
1resvx6,"New Champions meta just dropped! Accuse player of racism first leg, they get automatic suspension, profit.",Past-Pirate-7725,0,14,2026-02-26 03:58:34,0.24,https://www.reddit.com/r/championsleague/comments/1resvx6/new_champions_meta_just_dropped_accuse_player_of/,"Just make sure there's some plausibility (like if they covered their mouth at any point).

I personally welcome the new meta, can't wait to see new clever strategies and formations to throw racism accusations. Maybe if you're losing you sub in a black player so they can use the new meta.

This also leads to exciting new witch hunts by the public. No evidence needed, just plausibility. Sports evolve, get with the times or fall behind."
1rdm5ao,Match Thread: Atl√©tico Madrid vs Club Brugge | 24 Feb ¬∑ 17:45 UTC,matchpal-live,17,11,2026-02-24 22:12:29,1.0,https://www.reddit.com/r/championsleague/comments/1rdm5ao/match_thread_atl√©tico_madrid_vs_club_brugge_24/,This post contains content not supported on old Reddit. [Click here to view the full post](https://sh.reddit.com/r/championsleague/comments/1rdm5ao)
1rduvwp,"Shoulder to Shoulder, prime drogba vs current halland. Who overpowers the other.",JumpLazy2818,6,72,2026-02-25 03:25:12,0.64,https://www.reddit.com/r/championsleague/comments/1rduvwp/shoulder_to_shoulder_prime_drogba_vs_current/,who's physically stronger overall?
1rdpz8u,Match Thread: Newcastle United vs Qarabaƒü | 24 Feb ¬∑ 20:00 UTC,matchpal-live,11,7,2026-02-25 00:27:32,0.93,https://www.reddit.com/r/championsleague/comments/1rdpz8u/match_thread_newcastle_united_vs_qarabaƒü_24_feb/,This post contains content not supported on old Reddit. [Click here to view the full post](https://sh.reddit.com/r/championsleague/comments/1rdpz8u)
1re6fe0,Do you think any player is bigger than their club?,_ordinarilyordinary_,0,109,2026-02-25 12:10:41,0.5,https://www.reddit.com/r/championsleague/comments/1re6fe0/do_you_think_any_player_is_bigger_than_their_club/,.
1rerjt2,Fixed match for Atalanta!,More-Ad2665,0,10,2026-02-26 03:07:54,0.1,https://www.reddit.com/r/championsleague/comments/1rerjt2/fixed_match_for_atalanta/,Dortmund overall was better team but referee destroyed the match with ridiculous penalty. Shame on you Atalanta!üò°ü§°üí©
1rdvc0a,Quelle a √©t√© la meilleure performance du Bodo/Glimt en ligue des champions avant 2025/2026 ?,Supplementsavoirpls,4,6,2026-02-25 03:41:58,1.0,https://www.reddit.com/r/championsleague/comments/1rdvc0a/quelle_a_√©t√©_la_meilleure_performance_du/,"Bonjour,je suis fan de foot depuis plusieurs ann√©es maintenant et je suivais la ligue des champions, notamment la victoire du Bodo/Glimt 5-1(en cumul√©) contre l'Inter.Je me demandais si ils avaient deja un parcours en ligue des champions ou si c'√©tait un petit poucet."
1rdpzag,Match Thread: Bayer 04 Leverkusen vs Olympiacos F.C. | 24 Feb ¬∑ 20:00 UTC,matchpal-live,6,3,2026-02-25 00:27:36,0.81,https://www.reddit.com/r/championsleague/comments/1rdpzag/match_thread_bayer_04_leverkusen_vs_olympiacos_fc/,This post contains content not supported on old Reddit. [Click here to view the full post](https://sh.reddit.com/r/championsleague/comments/1rdpzag)
1re5822,Kudos to Bodo but I got a bone to pick with footy fans,Kshitij-The-7th,0,18,2026-02-25 11:03:22,0.39,https://www.reddit.com/r/championsleague/comments/1re5822/kudos_to_bodo_but_i_got_a_bone_to_pick_with_footy/,"Why is it that our UEL win was downplayed? We beat several good teams who are in no way slouches of any kind. Many are better than quite a few UCL teams...even those not named Bodo/Glimt. They slayed athleti, inter and city...they didn't slay spurs. And yet we were ridiculed for facing the likes of frankfurt and bodo in the UEL. We were told these aren't UCL caliber teams so we were essentially stat padding. Well what the hell, we beat number 5 in the Eredivisie, we beat number 8 in the Bundesliga, we beat number 2 of Norway. Bodo is in the R16 now. We beat dortmund this season, Copenhagen, frankfurt again, slavia which is a hard place to go to.... why are we memed on? There are other clubs who have had more resources for longer and have gone without silverware or good quality football.  
  
  
 "
1rdo4tl,Por que silvan el himno de las champions?,Quirky_Nectarine_86,1,7,2026-02-24 23:22:30,0.6,https://www.reddit.com/r/championsleague/comments/1rdo4tl/por_que_silvan_el_himno_de_las_champions/,Alguien sabe? 
1rd729z,Why do people think away goal rule is stupid or unfair or whatever you want to call it as.,OkCurrency425,11,25,2026-02-24 10:07:11,0.65,https://www.reddit.com/r/championsleague/comments/1rd729z/why_do_people_think_away_goal_rule_is_stupid_or/,"I always liked the away goal rule as matches become chaos in knockout stages. Home teams try harding not to concede and also trying to take advantage of their home ground while away teams trying their best to score. Also teams playing it safe when having away goal advantage while other teams giving their best to score. It felt for me atleast a ""OK rule"""
1rciqbc,"Benfica player Gianluca Prestianni will NOT feature vs Real Madrid in the Champions
League.",Emotional-Fee8723,142,115,2026-02-23 19:21:40,0.98,https://www.reddit.com/r/championsleague/comments/1rciqbc/benfica_player_gianluca_prestianni_will_not/,The Argentine has been suspended from UEFA competitions pending an investigation.
1rdkly7,What are your predictions for today‚Äôs and tomorrow‚Äôs matches? Score predictions and who goes through?,slalomsn,1,7,2026-02-24 21:18:01,0.67,https://www.reddit.com/r/championsleague/comments/1rdkly7/what_are_your_predictions_for_todays_and/,"Atalanta - Dortmund

PSG - Monaco

Juventus - Galatasaray

Real Madrid - Benfica

ATM - Club Brugge 

Leverkusen - Olympiacos

Inter - Bodo Glimt

Newcastle - Qarabaƒü"
1rd1j3q,Antony real good player.,_ressentiment_,11,15,2026-02-24 06:54:34,0.76,https://www.reddit.com/r/championsleague/comments/1rd1j3q/antony_real_good_player/,I think That it will bloom in Spain. And what do you think?
1rd7kgs,Is the current Champions League format actually better ‚Äî or are we just nostalgic for the old one?,Normal_Guitar8531,5,33,2026-02-24 10:24:56,0.67,https://www.reddit.com/r/championsleague/comments/1rd7kgs/is_the_current_champions_league_format_actually/,"With the new format changes and more games, I‚Äôm curious what fans genuinely think. Is this version more competitive and exciting, or did the old group-stage format feel more meaningful? Are smaller clubs getting a fairer shot now, or is it just more matches for the same big teams to dominate? Interested to hear different perspectives from fans across Europe."
1rdpphs,Alan Smith believes Arsenal can win the Champions League,Theduudee12,0,26,2026-02-25 00:18:00,0.47,https://www.reddit.com/r/championsleague/comments/1rdpphs/alan_smith_believes_arsenal_can_win_the_champions/,"You know, they‚Äôve beaten Bayern Munich at home handsomely, beat Real Madrid last season handsomely as well at home. So, yeah, I mean, as well being over two legs, I think that maybe gives Arsenal an advantage. So I think they should be confident in the Champions League.

source: [Bolavip](https://bolavip.com/en/soccer/messi-thinks-about-the-team-a-little-more-than-ronaldo-arsenal-legend-alan-smith-compares-both-stars-ahead-of-2026-world-cup)"
1rclamv,Best Way to Watch UEFA Champions League Live Right Now?,mike5c7650,26,210,2026-02-23 21:00:00,0.97,https://www.reddit.com/r/championsleague/comments/1rclamv/best_way_to_watch_uefa_champions_league_live/,"I‚Äôm looking for the best and most reliable way to watch UEFA Champions League matches live right now. I prefer good HD quality with minimal buffering and stable coverage throughout the match.

Looking:¬†[Using UEFA Champions](https://www.reddit.com/r/BecomingBetter/wiki/all-soccer/)

Are you using any official apps, TV channels, or streaming platforms that work well? I‚Äôm mainly interested in something smooth and dependable for big matches.

Would really appreciate genuine recommendations and real experiences. Thanks in advance!"
1rdvft2,Is Gyokores the second best striker in the prem bar Haaland?,Right-Captain-6252,0,42,2026-02-25 03:45:57,0.14,https://www.reddit.com/r/championsleague/comments/1rdvft2/is_gyokores_the_second_best_striker_in_the_prem/,"Gy√∂keres is the second best striker in the Premier League right now (bar Haaland) ‚Äì and the numbers back it

Say what you want, but Viktor Gy√∂keres is the second best striker in the Premier League right now behind Erling Haaland.

Yes, the Premier League striker pool isn‚Äôt what it used to beal and league as a whole isn‚Äôt. It‚Äôs not the era of Henry, Drogba, Rooney, Aguero etc. The level overall has dropped. Fine. But that doesn‚Äôt change the reality of what‚Äôs happening right now.

Even under a manager who clearly didn‚Äôt want l him or build around him, he‚Äôs still on 15 league goals this season.

And that‚Äôs without the system being tailored to him. Without consistent service. Half the time he makes runs and certain players just don‚Äôt release the ball early. Watch the games ‚Äî the runs are there.

Now imagine actually playing to his strengths.

Because here‚Äôs the thing:

He‚Äôs not always the prettiest footballer. He‚Äôs not dropping 10/10 link-up masterclasses every week.

But he‚Äôs a goalscorer.

Feed him? He scores.

Play direct? He scores.

Give him space to attack the box? He scores.

And let‚Äôs not forget, before coming to Arsenal he scored 100 goals in two seasons and won titles. That‚Äôs not a fluke. That‚Äôs elite output.

He‚Äôs also got 4 goals in the Champions League, so it‚Äôs not just domestically.

Haaland is obviously the benchmark. The best pure goal machine in the league.

But after him? Who is clearly better right now?

Despite:

‚Ä¢ A manager who didn‚Äôt fully want him

‚Ä¢ Teammates ignoring runs at times

‚Ä¢ A system not built around him

Call him limited if you want. But the guy can bang in goals.

"
1rcpun7,"If Uefa enforced the new rules strictly, which UCL clubs would face squad size limits or even exclusion?",FootballFinanceLab,1,5,2026-02-23 23:40:05,0.57,https://www.reddit.com/r/championsleague/comments/1rcpun7/if_uefa_enforced_the_new_rules_strictly_which_ucl/,Since the 2022/23 season the Financial Fair Play is gone and the Uefa replaced it with new rules including the Squad Cost Ratio. Uefa never enforced the FFP rules strictly but if they would do it this season with the new rules which clubs would face a fine or exclusion?
1rbj6gg,Mbappe isn't really the new CR7,bill_02_04_95,247,306,2026-02-22 16:08:07,0.82,https://www.reddit.com/r/championsleague/comments/1rbj6gg/mbappe_isnt_really_the_new_cr7/,"The context of his arrival at Real Madrid is completely different from what was CR7's at the time.

CR7 left a better team at the time in Man Utd (top 2 team in the world) for Real Madrid which was a struggling team who had just concluded a trophyless season.

Ronaldo was the ballon d'or holder at the time and was expected to be the top dog in this squad because Raul was at the twilight of his career and Casillas despite being very good wasn't really on CR7's level of hype.

Only Kaka could have been competition for Ronaldo's top dog status but he was later riddled with injuries and felt out of form.
Ronaldo never really had to play with any real Madrid player of his caliber,not even Bale was anywhere near Ronaldo's level, performance and career wise.

Mbappe on the hand joined the European title holders from a weaker team,then has to compete in status with multiple guys who have already won the UCL at least once with key performances like Vini, Bellingham,Courtois etc...
Mbappe isn't a clear cut above unlike Ronaldo.

Maybe this also factors into the performances of Real Madrid lately with the ego wars and the search for a clear cut top dog accepted by everyone as the X factor of the team.

Thoughts?"
1rcwhta,"No hate, but does anyone feel like Barcelona players are often too whiny?",Inevitable-Angle-793,0,24,2026-02-24 03:41:28,0.46,https://www.reddit.com/r/championsleague/comments/1rcwhta/no_hate_but_does_anyone_feel_like_barcelona/,"Even Messi who is GOAT is being criticized  by MLS fans for being whiny on the pitch,  as well as other ex-Barca players like Alba, Busquets...

Again, I am not RM fan, I am just noticing pattern.

Link to thread:

 https://www.reddit.com/r/MLS/s/5Vqj00f7Rw"
1rcce51,Weekly Off-Topic Thread ‚Äì Anything Goes!,AutoModerator,2,1,2026-02-23 13:54:17,1.0,https://www.reddit.com/r/championsleague/comments/1rcce51/weekly_offtopic_thread_anything_goes/,"Welcome to the weekly off-topic thread.

  
This is the one place on r/ChampionsLeague where you can talk about *anything* that‚Äôs **not** related to the Champions League.

A few reminders:

* Normal subreddit rules still apply (be respectful, no spam, no hate).
* Champions League content should still go in regular threads.

Have a good week and enjoy the discussion!"
1rbw8mt,The new league phase vs group stage,Far-Professor-5033,18,38,2026-02-23 01:14:48,0.77,https://www.reddit.com/r/championsleague/comments/1rbw8mt/the_new_league_phase_vs_group_stage/,I‚Äôm glad uefa changed the format 2 seasons in and champions league football definitely feels much more exciting 
1rbzmqr,"‚ÄúSpurs were moments from their first CL spot, until Lasagne‚Äëgate happened‚Äù",RSDFitness,5,1,2026-02-23 03:23:24,0.74,https://www.reddit.com/r/championsleague/comments/1rbzmqr/spurs_were_moments_from_their_first_cl_spot_until/,"In 2006, Tottenham were on the verge of qualifying for the Champions League for the first time, but almost the entire squad fell violently ill the night before a decisive match. 

They lost, and Arsenal took the spot instead. 

It‚Äôs one of those rare moments where something off the pitch completely changed the course of a season, &amp; even Champions League history was shaped by a hotel meal gone wrong.

It's crazy how much champions League truly meant and the depths, teams were willing to go to, in order to qualify.

Many Tottenham players suggested it was foul play by Arsenal. The gunners will say it's in the history of the Tottenham ...

Full video: https://vm.tiktok.com/ZNR58hLqE/"
1rcow33,What is wrong with Real Madrid Fans?,BagingRoner34,0,21,2026-02-23 23:06:57,0.33,https://www.reddit.com/r/championsleague/comments/1rcow33/what_is_wrong_with_real_madrid_fans/,From the minute mbappe arrived you lot wouldn't stop attacking him. If he had one bad game you'd call him garbage and a flop. Kylian is no question the best player in the world and without him your team would be irrelevant. You have no Kroos no modric no ramos no benzema to save you. Just kylian and all you do is criticize him. Its honestly hilarious 
1rcm32m,Ranking the Real Madrids and Barcelonas of the 2010s.,gucchiprada,0,24,2026-02-23 21:28:34,0.38,https://www.reddit.com/r/championsleague/comments/1rcm32m/ranking_the_real_madrids_and_barcelonas_of_the/,"1. Barcelona 14/15

2. Barcelona 10/11

3. Barcelona 15/16

4. Real Madrid 16/17

5. Real Madrid 15/16

6. Real Madrid 11/12

7. Barcelona 17/18

8. Real Madrid 13/14

9. Real Madrid 10/11

10. Real Madrid 14/15

11. Real Madrid 17/18

12. Barcelona 12/13

13. Barcelona 18/19

14. Barcelona 11/12

15. Barcelona 16/17

16. Real Madrid  12/13

17. Barcelona 13/14

18. Real Madrid 18/19

Incoming comments about me being clueless. Let me explain. 

Real Madrid had the better era in the 2010s because of more UCLs and the 3-peat, but when you take individual seasons, Barcelona were overall the stronger club. Barca won more trophies and more El Clasicos in that decade. 

I have no doubt in my mind about 1st place to 9th place. The strongest Barcelona was stronger than the strongest Real Madrid. The weakest Barcelona was also stronger than the weakest Real Madrid. 

I'll take my club Liverpool as example from 17/18 to 19/20.  Manchester City won 2 PLs, 1 FA Cup, and 2 League cups. Liverpool won 1PL and 1UCL, and knocked centurions Man City out of the UCL in 17/18 and reached the final. We also had more wins against them than they against us. Stil, we were not stronger than the Man City of those 3 seasons as a whole. "
1rbfnuj,Could Bod√∏/Glimt make history?,MarkLazer,74,38,2026-02-22 12:34:53,0.98,https://www.reddit.com/r/championsleague/comments/1rbfnuj/could_bod√∏glimt_make_history/,"I've just looked through the history of Norwegian teams in the Champions League. If Bod√∏/Glimt beat Inter, they will be the first Norwegian team to win a Champions League knockout round game. Rosenborg reached the Quarter-Finals in 1996/97, but that was when the Quarter-Finals was the first knockout round, and they lost to Juventus. Bod√∏/Glimt are also the only Norwegian team to have reached the Semi-Finals of the Europa League.

Do you think they'll do it, and how far do you think they'll go this season? If they beat Inter, they will play either Manchester City or Sporting in the Round of 16.    "
1rclgpb,Why do people act like finishing top of the UCL league phase is a trophy?,Right-Captain-6252,0,54,2026-02-23 21:05:55,0.41,https://www.reddit.com/r/championsleague/comments/1rclgpb/why_do_people_act_like_finishing_top_of_the_ucl/,"I genuinely don‚Äôt get why people treat finishing top 8 in the Champions League league phase like it‚Äôs some historic achievement.

The sole aim of this competition is winning the trophy. That‚Äôs it.

Not having 5 teams in the top 8 by December.

Not winning the ‚Äúleague phase table‚Äù

You either lift the trophy in May or you don‚Äôt.

As long as you qualify for the knockouts, the job is done. After that, it‚Äôs about mentality, big-game experience, and handling pressure over two legs.

Nobody in 10 years is going to say:

‚ÄúRemember when they topped the league phase? Unreal side.‚Äù

They‚Äôll say:

‚ÄúThey won it.‚Äù

Or

‚ÄúThey bottled it.‚Äù

And every season we see this hype when multiple Premier League clubs sit high in the early rankings ‚Äî like that‚Äôs some kind of dominance trophy. Historically, when it actually matters ‚Äî quarter-finals, semi-finals, finals ‚Äî you consistently see Spanish clubs and other European teams showing up.

When the pressure rises, the list usually gets shorter.

Knockout football is a different sport entirely. Form in autumn doesn‚Äôt guarantee anything in spring.

The obsession with league phase rankings just feels like people trying to claim superiority before the real competition even starts.

If you qualify, you‚Äôre alive.

If you win it, you‚Äôre remembered.

Everything else is noise.

"
1rbz33f,Meme &amp; Banter Monday ‚Äì Let the chaos begin!,AutoModerator,2,3,2026-02-23 03:01:31,0.76,https://www.reddit.com/r/championsleague/comments/1rbz33f/meme_banter_monday_let_the_chaos_begin/,"Welcome to **Meme &amp; Banter Monday**, your weekly thread to post all the jokes, memes, and lighthearted nonsense from the Champions League world.

Got a meme about this week‚Äôs results?  
Still laughing about a player‚Äôs celebration?  
Found the perfect ‚Äúbottle job‚Äù template for a certain team?  
This is *the* place for it. 

# Ground Rules

* ‚úÖ Memes, gifs, jokes, and banter welcome ‚Äî keep it football-related and UCL-focused.
* üö´ No personal attacks, hate speech, or low-effort spam.
* üö∑ Keep it **banter, not abuse** ‚Äî remember, we all love the game (even if our teams hurt us).
* üó≥Ô∏è Upvote the funniest and cleverest posts!
* üí¨ Feel free to drop reaction threads to popular memes ‚Äî just keep it civil and fun."
1rb919j,Real Madrid's downfall will be caused by these coaches being afraid of kylian mbappe,Acceptable_Slip3257,54,50,2026-02-22 06:47:51,0.73,https://www.reddit.com/r/championsleague/comments/1rb919j/real_madrids_downfall_will_be_caused_by_these/,"I swear if you watch real Madrid matches mbappe plays horrible then somehow scams a penalty and some people think he is carrying real Madrid for some reason , today real Madrid were playing against a low block team they needed trent and gonzalo Garcia (a number 9 who trent can cross the ball to) and kylian mbappe as usual was playing terrible but Arbeloa didn't want to sub him out for some reason .."
